,X,contest,candidate_count,year,contested,choice,party,district
1,1,SENATE DISTRICT 01,2,2000,Yes,"Ronald W. Toppin, Sr.",REP,1
2,2,SENATE DISTRICT 01,2,2000,Yes,Marc Basnight,DEM,1
3,3,SENATE DISTRICT 02,1,2000,No,"Frank W. Ballance, Jr.",DEM,2
4,4,SENATE DISTRICT 03,2,2000,Yes,David G. Hipps,REP,3
5,5,SENATE DISTRICT 03,2,2000,Yes,Scott Thomas,DEM,3
6,6,SENATE DISTRICT 04,2,2000,Yes,Patrick J. Ballantine,REP,4
7,7,SENATE DISTRICT 04,2,2000,Yes,Louise McColl,DEM,4
8,8,SENATE DISTRICT 05,2,2000,Yes,Charles W. Albertson,DEM,5
9,9,SENATE DISTRICT 05,2,2000,Yes,Cynthia (Cindy) B. Watson,REP,5
10,10,SENATE DISTRICT 06,1,2000,No,R. L. (Bob) Martin,DEM,6
11,11,SENATE DISTRICT 07,3,2000,Yes,Thomas R. (Tom) Mattison,REP,7
12,12,SENATE DISTRICT 07,3,2000,Yes,"Luther Henry Jordan, Jr.",DEM,7
13,13,SENATE DISTRICT 07,3,2000,Yes,Stephen Cowles Shepherd,LIB,7
14,14,SENATE DISTRICT 08,2,2000,Yes,Ed Wharton,REP,8
15,15,SENATE DISTRICT 08,2,2000,Yes,John Kerr,DEM,8
16,16,SENATE DISTRICT 09,2,2000,Yes,A. A. (Dick) Adams,REP,9
17,17,SENATE DISTRICT 09,2,2000,Yes,Edward N. Warren,DEM,9
18,18,SENATE DISTRICT 10,2,2000,Yes,A. B. Swindell,DEM,10
19,19,SENATE DISTRICT 10,2,2000,Yes,Richard P. Horner,REP,10
20,20,SENATE DISTRICT 11,2,2000,Yes,"John S. Shallcross, Jr.",REP,11
21,21,SENATE DISTRICT 11,2,2000,Yes,Allen H. Wellons,DEM,11
22,22,SENATE DISTRICT 12,4,2000,Yes,Virginia Foxx,REP,12
23,23,SENATE DISTRICT 12,4,2000,Yes,Philip E. (Phil) Berger,REP,12
24,24,SENATE DISTRICT 12,4,2000,Yes,Vel Pierce,DEM,12
25,25,SENATE DISTRICT 12,4,2000,Yes,Al Wheeler,DEM,12
26,26,SENATE DISTRICT 13,4,2000,Yes,Wib Gulley,DEM,13
27,27,SENATE DISTRICT 13,4,2000,Yes,Wallace Bradsher,REP,13
28,28,SENATE DISTRICT 13,4,2000,Yes,Jeanne H. Lucas,DEM,13
29,29,SENATE DISTRICT 13,4,2000,Yes,Sean Haugh,LIB,13
30,30,SENATE DISTRICT 14,3,2000,Yes,R. Bradley (Brad) Miller,DEM,14
31,31,SENATE DISTRICT 14,3,2000,Yes,John W. Bryant,REP,14
32,32,SENATE DISTRICT 14,3,2000,Yes,Eric Miller Reeves,DEM,14
33,33,SENATE DISTRICT 15,2,2000,Yes,Oscar N. Harris,DEM,15
34,34,SENATE DISTRICT 15,2,2000,Yes,John Hairr,REP,15
35,35,SENATE DISTRICT 16,4,2000,Yes,Ellie Kinnaird,DEM,16
36,36,SENATE DISTRICT 16,4,2000,Yes,Vickie Hargrove,REP,16
37,37,SENATE DISTRICT 16,4,2000,Yes,Howard N. Lee,DEM,16
38,38,SENATE DISTRICT 16,4,2000,Yes,Bill Boyd,REP,16
39,39,SENATE DISTRICT 17,5,2000,Yes,Aaron Plyler,DEM,17
40,40,SENATE DISTRICT 17,5,2000,Yes,Alan R. Light,LIB,17
41,41,SENATE DISTRICT 17,5,2000,Yes,Eddie Goodall,REP,17
42,42,SENATE DISTRICT 17,5,2000,Yes,William R. (Bill) Purcell,DEM,17
43,43,SENATE DISTRICT 17,5,2000,Yes,William P. (Bill) Davis,REP,17
44,44,SENATE DISTRICT 18,2,2000,Yes,"R. C. Soles, Jr.",DEM,18
45,45,SENATE DISTRICT 18,2,2000,Yes,John Evans,LIB,18
46,46,SENATE DISTRICT 19,1,2000,No,Robert G. (Bob) Shaw,REP,19
47,47,SENATE DISTRICT 20,3,2000,Yes,Jeannie A. Metcalf,REP,20
48,48,SENATE DISTRICT 20,3,2000,Yes,Linda Garrou,DEM,20
49,49,SENATE DISTRICT 20,3,2000,Yes,"Hamilton C. Horton, Jr.",REP,20
50,50,SENATE DISTRICT 21,2,2000,Yes,Hugh Webster,REP,21
51,51,SENATE DISTRICT 21,2,2000,Yes,Wiley P. Wooten,DEM,21
52,52,SENATE DISTRICT 22,1,2000,No,"Fletcher L. Hartsell, Jr.",REP,22
53,53,SENATE DISTRICT 23,3,2000,Yes,Lawrence James Clark,LIB,23
54,54,SENATE DISTRICT 23,3,2000,Yes,Cal Cunningham,DEM,23
55,55,SENATE DISTRICT 23,3,2000,Yes,John (Scott) Keadle,REP,23
56,56,SENATE DISTRICT 24,2,2000,Yes,Tony Rand,DEM,24
57,57,SENATE DISTRICT 24,2,2000,Yes,Lois A. Kirby,REP,24
58,58,SENATE DISTRICT 25,1,2000,No,David W. Hoyle,DEM,25
59,59,SENATE DISTRICT 26,1,2000,No,Austin Allran,REP,26
60,60,SENATE DISTRICT 27,2,2000,Yes,Kenneth R. Moore,REP,27
61,61,SENATE DISTRICT 27,2,2000,Yes,John Garwood,REP,27
62,62,SENATE DISTRICT 28,5,2000,Yes,R. L. Clark,REP,28
63,63,SENATE DISTRICT 28,5,2000,Yes,Jesse Ledbetter,REP,28
64,64,SENATE DISTRICT 28,5,2000,Yes,Steve Metcalf,DEM,28
65,65,SENATE DISTRICT 28,5,2000,Yes,Charles Carter,DEM,28
66,66,SENATE DISTRICT 28,5,2000,Yes,Clarence Ervin Young,LIB,28
67,67,SENATE DISTRICT 29,2,2000,Yes,Judith (Judy) C. Fraser,REP,29
68,68,SENATE DISTRICT 29,2,2000,Yes,Dan Robinson,DEM,29
69,69,SENATE DISTRICT 30,2,2000,Yes,David F. Weinstein,DEM,30
70,70,SENATE DISTRICT 30,2,2000,Yes,John Rim,REP,30
71,71,SENATE DISTRICT 31,1,2000,No,William N. (Bill) Martin,DEM,31
72,72,SENATE DISTRICT 32,2,2000,Yes,Kay R. Hagan,DEM,34
73,73,SENATE DISTRICT 32,2,2000,Yes,Wendell Sawyer,REP,34
74,74,SENATE DISTRICT 33,1,2000,No,Charlie Dannelly,DEM,33
75,75,SENATE DISTRICT 34,2,2000,Yes,Jeffrey Ober,REP,34
76,76,SENATE DISTRICT 34,2,2000,Yes,T. L. (Fountain) Odom,DEM,34
77,77,SENATE DISTRICT 35,2,2000,Yes,David Allen,DEM,35
78,78,SENATE DISTRICT 35,2,2000,Yes,Robert (Bob) Rucho,REP,35
79,79,SENATE DISTRICT 36,2,2000,Yes,John H. Carrington,REP,36
80,80,SENATE DISTRICT 36,2,2000,Yes,James C. (Jim) Crew,DEM,36
81,81,SENATE DISTRICT 37,2,2000,Yes,Scott Neisler,REP,37
82,82,SENATE DISTRICT 37,2,2000,Yes,Walter H. Dalton,DEM,37
83,83,SENATE DISTRICT 38,2,2000,Yes,Stan Bingham,REP,38
84,84,SENATE DISTRICT 38,2,2000,Yes,Michael G. Smith,LIB,38
85,85,SENATE DISTRICT 39,1,2000,No,James (Jim) Forrester,REP,39
86,86,SENATE DISTRICT 40,2,2000,Yes,Wayne Johnson,REP,40
87,87,SENATE DISTRICT 40,2,2000,Yes,Daniel Clodfelter,DEM,40
88,88,SENATE DISTRICT 41,1,2000,No,Larry Shaw,DEM,41
89,89,SENATE DISTRICT 42,2,2000,Yes,Lawrence (Larry) R. Gavel,LIB,42
90,90,SENATE DISTRICT 42,2,2000,Yes,Robert C. Carpenter,REP,42
91,1,NC SENATE  (1),2,2002,Yes,Ron Toppin,REP,1
92,2,NC SENATE  (1),2,2002,Yes,Marc Basnight,DEM,1
93,3,NC SENATE  (10),2,2002,Yes,George E. Wilson,REP,10
94,4,NC SENATE  (10),2,2002,Yes,Charles W. (Charlie) Albertson,DEM,10
95,5,NC SENATE  (11),3,2002,Yes,Charles Yow,LIB,11
96,6,NC SENATE  (11),3,2002,Yes,Willie Cooke,REP,11
97,7,NC SENATE  (11),3,2002,Yes,A. B. Swindell,DEM,11
98,8,NC SENATE  (12),2,2002,Yes,Fred Smith,REP,12
99,9,NC SENATE  (12),2,2002,Yes,Allen H. Wellons,DEM,12
100,10,NC SENATE  (13),1,2002,No,David F. Weinstein,DEM,13
101,11,NC SENATE  (14),3,2002,Yes,Vernon Malone,DEM,14
102,12,NC SENATE  (14),3,2002,Yes,Richard Davison,LIB,14
103,13,NC SENATE  (14),3,2002,Yes,Carol Bennett,REP,14
104,14,NC SENATE  (15),3,2002,Yes,Dorothy (Gerry) Bowles,DEM,15
105,15,NC SENATE  (15),3,2002,Yes,John H. Carrington,REP,15
106,16,NC SENATE  (15),3,2002,Yes,Nathan Wilson,LIB,15
107,17,NC SENATE  (16),3,2002,Yes,Eric Miller Reeves,DEM,16
108,18,NC SENATE  (16),3,2002,Yes,Jason Mara,LIB,16
109,19,NC SENATE  (16),3,2002,Yes,Paul Y. Coble,REP,16
110,20,NC SENATE  (17),3,2002,Yes,Thomas B. Hunt,DEM,17
111,21,NC SENATE  (17),3,2002,Yes,Susan Hogarth,LIB,17
112,22,NC SENATE  (17),3,2002,Yes,Richard Stevens,REP,17
113,23,NC SENATE  (18),3,2002,Yes,Mark Kitchens,LIB,18
114,24,NC SENATE  (18),3,2002,Yes,Tom Davidson,REP,18
115,25,NC SENATE  (18),3,2002,Yes,Wib Gulley,DEM,18
116,26,NC SENATE  (19),2,2002,Yes,Tony Rand,DEM,19
117,27,NC SENATE  (19),2,2002,Yes,Bob White,REP,19
118,28,NC SENATE  (2),2,2002,Yes,Scott Thomas,DEM,2
119,29,NC SENATE  (2),2,2002,Yes,Chuck Tyson,REP,2
120,30,NC SENATE  (20),2,2002,Yes,Jonathan Guze,LIB,20
121,31,NC SENATE  (20),2,2002,Yes,Jeanne H. Lucas,DEM,20
122,32,NC SENATE  (21),2,2002,Yes,Richard D. Evans,REP,21
123,33,NC SENATE  (21),2,2002,Yes,Larry Shaw,DEM,21
124,34,NC SENATE  (22),3,2002,Yes,Jonathan Lubecky,LIB,22
125,35,NC SENATE  (22),3,2002,Yes,Jimmy L. Love,DEM,22
126,36,NC SENATE  (22),3,2002,Yes,Harris Blake,REP,22
127,37,NC SENATE  (23),3,2002,Yes,Christopher Todd Goss,LIB,23
128,38,NC SENATE  (23),3,2002,Yes,Peter Morcombe,REP,23
129,39,NC SENATE  (23),3,2002,Yes,Ellie Kinnaird,DEM,23
130,40,NC SENATE  (24),2,2002,Yes,Hugh Webster,REP,24
131,41,NC SENATE  (24),2,2002,Yes,Bill Powell,DEM,24
132,42,NC SENATE  (25),2,2002,Yes,Donald M. Dawkins,REP,25
133,43,NC SENATE  (25),2,2002,Yes,William R. (Bill) Purcell,DEM,25
134,44,NC SENATE  (26),2,2002,Yes,Jim Capo,LIB,26
135,45,NC SENATE  (26),2,2002,Yes,Philip E. (Phil) Berger,REP,26
136,46,NC SENATE  (27),3,2002,Yes,Kay R. Hagan,DEM,27
137,47,NC SENATE  (27),3,2002,Yes,Tom Bailey,LIB,27
138,48,NC SENATE  (27),3,2002,Yes,Mark McDaniel,REP,27
139,49,NC SENATE  (28),3,2002,Yes,Katie G. Dorsett,DEM,28
140,50,NC SENATE  (28),3,2002,Yes,Eric Preston Medlock,LIB,28
141,51,NC SENATE  (28),3,2002,Yes,Mike Causey,REP,28
142,52,NC SENATE  (29),3,2002,Yes,Mac Whatley,DEM,29
143,53,NC SENATE  (29),3,2002,Yes,Jerry W. Tillman,REP,29
144,54,NC SENATE  (29),3,2002,Yes,Douglas Kania,LIB,29
145,55,NC SENATE  (3),3,2002,Yes,Don Carson,REP,3
146,56,NC SENATE  (3),3,2002,Yes,Henry Boschen,LIB,3
147,57,NC SENATE  (3),3,2002,Yes,Clark Jenkins,DEM,3
148,58,NC SENATE  (30),3,2002,Yes,Ed Gambill,DEM,30
149,59,NC SENATE  (30),3,2002,Yes,James Wentz,LIB,30
150,60,NC SENATE  (30),3,2002,Yes,John Garwood,REP,30
151,61,NC SENATE  (31),2,2002,Yes,"Hamilton C. (Ham) Horton, Jr.",REP,31
152,62,NC SENATE  (31),2,2002,Yes,Donn Linton,LIB,31
153,63,NC SENATE  (32),1,2002,No,Linda Garrou,DEM,32
154,64,NC SENATE  (33),1,2002,No,Stan Bingham,REP,33
155,65,NC SENATE  (34),3,2002,Yes,J. Conrad Jones,LIB,34
156,66,NC SENATE  (34),3,2002,Yes,Andrew C. Brock,REP,34
157,67,NC SENATE  (34),3,2002,Yes,"John Carlyle Sherrill, III",DEM,34
158,68,NC SENATE  (35),2,2002,Yes,Fern Shubert,REP,35
159,69,NC SENATE  (35),2,2002,Yes,Frank McGuirt,DEM,35
160,70,NC SENATE  (36),3,2002,Yes,Mike Helms,LIB,36
161,71,NC SENATE  (36),3,2002,Yes,Larry Harris,DEM,36
162,72,NC SENATE  (36),3,2002,Yes,"Fletcher L. Hartsell, Jr.",REP,36
163,73,NC SENATE  (37),1,2002,No,Daniel G (Dan) Clodfelter,DEM,37
164,74,NC SENATE  (38),1,2002,No,Charlie Dannelly,DEM,38
165,75,NC SENATE  (39),3,2002,Yes,Joe Spencer,DEM,39
166,76,NC SENATE  (39),3,2002,Yes,Robert (Bob) Rucho,REP,39
167,77,NC SENATE  (39),3,2002,Yes,Heather Head,LIB,39
168,78,NC SENATE  (4),2,2002,Yes,Tom Eisenmenger,LIB,4
169,79,NC SENATE  (4),2,2002,Yes,Robert L. Holloman,DEM,4
170,80,NC SENATE  (40),3,2002,Yes,Steven Wright,LIB,40
171,81,NC SENATE  (40),3,2002,Yes,T. L. (Fountain) Odom,DEM,40
172,82,NC SENATE  (40),3,2002,Yes,Robert Pittenger,REP,40
173,83,NC SENATE  (41),2,2002,Yes,Victor Crosby,DEM,41
174,84,NC SENATE  (41),2,2002,Yes,"R. B. Sloan, Jr.",REP,41
175,85,NC SENATE  (42),1,2002,No,James (Jim) Forrester,REP,42
176,86,NC SENATE  (43),2,2002,Yes,Michael Harrington,REP,43
177,87,NC SENATE  (43),2,2002,Yes,David W. Hoyle,DEM,43
178,88,NC SENATE  (44),1,2002,No,Austin Allran,REP,44
179,89,NC SENATE  (45),3,2002,Yes,Fran Grig,LIB,45
180,90,NC SENATE  (45),3,2002,Yes,Virginia Foxx,REP,45
181,91,NC SENATE  (45),3,2002,Yes,Mollie Marlene C. Laws,DEM,45
182,92,NC SENATE  (46),3,2002,Yes,John Weatherly,REP,46
183,93,NC SENATE  (46),3,2002,Yes,Tony Brown,LIB,46
184,94,NC SENATE  (46),3,2002,Yes,Walter H. Dalton,DEM,46
185,95,NC SENATE  (47),3,2002,Yes,Gregg Thompson,REP,47
186,96,NC SENATE  (47),3,2002,Yes,Joe Sam Queen,DEM,47
187,97,NC SENATE  (47),3,2002,Yes,Sherry Hill,LIB,47
188,98,NC SENATE  (48),2,2002,Yes,Robert Cogburn Burris,DEM,48
189,99,NC SENATE  (48),2,2002,Yes,Tom Apodaca,REP,48
190,100,NC SENATE  (49),2,2002,Yes,Steve Metcalf,DEM,49
191,101,NC SENATE  (49),2,2002,Yes,R. L. Clark,REP,49
192,102,NC SENATE  (5),3,2002,Yes,Tom Coulson,REP,5
193,103,NC SENATE  (5),3,2002,Yes,Christopher Ruff,LIB,5
194,104,NC SENATE  (5),3,2002,Yes,Tony P. Moore,DEM,5
195,105,NC SENATE  (50),2,2002,Yes,Robert C. (Bob) Carpenter,REP,50
196,106,NC SENATE  (50),2,2002,Yes,Dan Robinson,DEM,50
197,107,NC SENATE  (6),2,2002,Yes,"Tommy Pollard, Jr.",REP,6
198,108,NC SENATE  (6),2,2002,Yes,Cecil Hargett,DEM,6
199,109,NC SENATE  (7),2,2002,Yes,John Kerr,DEM,7
200,110,NC SENATE  (7),2,2002,Yes,Carolyn B. Russell,REP,7
201,111,NC SENATE  (8),3,2002,Yes,Ray (R.C.) Gilbert,REP,8
202,112,NC SENATE  (8),3,2002,Yes,Edward Gore,LIB,8
203,113,NC SENATE  (8),3,2002,Yes,"R. C. Soles, Jr.",DEM,8
204,114,NC SENATE  (9),3,2002,Yes,Laura Padgett,DEM,9
205,115,NC SENATE  (9),3,2002,Yes,Patrick J. Ballantine,REP,9
206,116,NC SENATE  (9),3,2002,Yes,Shaun Mitchell,LIB,9
207,1,NC STATE SENATE DISTRICT 1,2,2004,Yes,Ron Toppin,REP,1
208,2,NC STATE SENATE DISTRICT 1,2,2004,Yes,Marc Basnight,DEM,1
209,3,NC STATE SENATE DISTRICT 10,2,2004,Yes,Rich Jarman,REP,10
210,4,NC STATE SENATE DISTRICT 10,2,2004,Yes,Charles W. (Charlie) Albertson,DEM,10
211,5,NC STATE SENATE DISTRICT 11,2,2004,Yes,Dennis Nielsen,REP,11
212,6,NC STATE SENATE DISTRICT 11,2,2004,Yes,A.B. Swindell,DEM,11
213,7,NC STATE SENATE DISTRICT 12,1,2004,No,Fred Smith,REP,12
214,8,NC STATE SENATE DISTRICT 13,1,2004,No,David F. Weinstein,DEM,13
215,9,NC STATE SENATE DISTRICT 14,2,2004,Yes,John Odoom,REP,14
216,10,NC STATE SENATE DISTRICT 14,2,2004,Yes,Vernon Malone,DEM,14
217,11,NC STATE SENATE DISTRICT 15,2,2004,Yes,Neal Hunt,REP,15
218,12,NC STATE SENATE DISTRICT 15,2,2004,Yes,Lee Griffin,LIB,15
219,13,NC STATE SENATE DISTRICT 16,3,2004,Yes,Janet Cowell,DEM,16
220,14,NC STATE SENATE DISTRICT 16,3,2004,Yes,Mark A. Bradrick,REP,16
221,15,NC STATE SENATE DISTRICT 16,3,2004,Yes,Jason P. Mara,LIB,16
222,16,NC STATE SENATE DISTRICT 17,3,2004,Yes,Ryan Maas,LIB,17
223,17,NC STATE SENATE DISTRICT 17,3,2004,Yes,Richard Stevens,REP,17
224,18,NC STATE SENATE DISTRICT 17,3,2004,Yes,Norwood Clark,DEM,17
225,19,NC STATE SENATE DISTRICT 18,3,2004,Yes,Christine Mumma,REP,18
226,20,NC STATE SENATE DISTRICT 18,3,2004,Yes,Bob Atwater,DEM,18
227,21,NC STATE SENATE DISTRICT 18,3,2004,Yes,Jon Guze,LIB,18
228,22,NC STATE SENATE DISTRICT 19,1,2004,No,Tony Rand,DEM,19
229,23,NC STATE SENATE DISTRICT 2,3,2004,Yes,Chuck Tyson,REP,2
230,24,NC STATE SENATE DISTRICT 2,3,2004,Yes,Scott Thomas,DEM,2
231,25,NC STATE SENATE DISTRICT 2,3,2004,Yes,Richard C. Evey,LIB,2
232,26,NC STATE SENATE DISTRICT 20,2,2004,Yes,Jeanne H. Lucas,DEM,20
233,27,NC STATE SENATE DISTRICT 20,2,2004,Yes,Ray Ubinger,LIB,20
234,28,NC STATE SENATE DISTRICT 21,3,2004,Yes,Richard D. Evans,REP,21
235,29,NC STATE SENATE DISTRICT 21,3,2004,Yes,Larry Shaw,DEM,21
236,30,NC STATE SENATE DISTRICT 21,3,2004,Yes,Brian Irving,LIB,21
237,31,NC STATE SENATE DISTRICT 22,2,2004,Yes,Harris Blake,REP,22
238,32,NC STATE SENATE DISTRICT 22,2,2004,Yes,Oscar N. Harris,DEM,22
239,33,NC STATE SENATE DISTRICT 23,2,2004,Yes,Robert E. (Whit) Whitfield,REP,23
240,34,NC STATE SENATE DISTRICT 23,2,2004,Yes,Ellie Kinnaird,DEM,23
241,35,NC STATE SENATE DISTRICT 24,2,2004,Yes,Tony Foriest,DEM,24
242,36,NC STATE SENATE DISTRICT 24,2,2004,Yes,Hugh Webster,REP,24
243,37,NC STATE SENATE DISTRICT 25,2,2004,Yes,William R. (Bill) Purcell,DEM,25
244,38,NC STATE SENATE DISTRICT 25,2,2004,Yes,Jerry Lineau Gattis (Write-In),UNA,25
245,39,NC STATE SENATE DISTRICT 26,1,2004,No,Philip E. (Phil) Berger,REP,26
246,40,NC STATE SENATE DISTRICT 27,3,2004,Yes,Bobby Coffer,REP,27
247,41,NC STATE SENATE DISTRICT 27,3,2004,Yes,Rusty Sheridan,LIB,27
248,42,NC STATE SENATE DISTRICT 27,3,2004,Yes,Kay Hagan,DEM,27
249,43,NC STATE SENATE DISTRICT 28,1,2004,No,Katie G. Dorsett,DEM,28
250,44,NC STATE SENATE DISTRICT 29,2,2004,Yes,Jerry W. Tillman,REP,29
251,45,NC STATE SENATE DISTRICT 29,2,2004,Yes,Charles K. Moss,DEM,29
252,46,NC STATE SENATE DISTRICT 3,2,2004,Yes,Clark Jenkins,DEM,3
253,47,NC STATE SENATE DISTRICT 3,2,2004,Yes,Beverly Moore,REP,3
254,48,NC STATE SENATE DISTRICT 30,2,2004,Yes,Don W. East,REP,30
255,49,NC STATE SENATE DISTRICT 30,2,2004,Yes,Melvin T. Jackson,DEM,30
256,50,NC STATE SENATE DISTRICT 31,1,2004,No,Hamilton C. (Ham) Horton,REP,31
257,51,NC STATE SENATE DISTRICT 32,2,2004,Yes,W.R. (Bill) Dowe,REP,32
258,52,NC STATE SENATE DISTRICT 32,2,2004,Yes,Linda Garrou,DEM,32
259,53,NC STATE SENATE DISTRICT 33,1,2004,No,Stan Bingham,REP,33
260,54,NC STATE SENATE DISTRICT 34,2,2004,Yes,Andrew C. Brock,REP,34
261,55,NC STATE SENATE DISTRICT 34,2,2004,Yes,Larry C. Brown,DEM,34
262,56,NC STATE SENATE DISTRICT 35,2,2004,Yes,"W. Edward (Eddie) Goodall, Jr.",REP,35
263,57,NC STATE SENATE DISTRICT 35,2,2004,Yes,"Cornelius F. (Neal) Brantley, Jr. (Write-In)",UNA,35
264,58,NC STATE SENATE DISTRICT 36,2,2004,Yes,"Fletcher L. Hartsell, Jr.",REP,36
265,59,NC STATE SENATE DISTRICT 36,2,2004,Yes,Mike Helms,LIB,36
266,60,NC STATE SENATE DISTRICT 37,1,2004,No,Daniel G. Clodfelter,DEM,37
267,61,NC STATE SENATE DISTRICT 38,1,2004,No,Charlie Dannelly,DEM,38
268,62,NC STATE SENATE DISTRICT 39,2,2004,Yes,Robert Pittenger,REP,39
269,63,NC STATE SENATE DISTRICT 39,2,2004,Yes,Andy Grum,LIB,39
270,64,NC STATE SENATE DISTRICT 4,1,2004,No,Robert L. Holloman,DEM,4
271,65,NC STATE SENATE DISTRICT 40,2,2004,Yes,Brian Sisson,REP,40
272,66,NC STATE SENATE DISTRICT 40,2,2004,Yes,Malcolm Graham,DEM,40
273,67,NC STATE SENATE DISTRICT 41,2,2004,Yes,Rita W. McElwaine,DEM,41
274,68,NC STATE SENATE DISTRICT 41,2,2004,Yes,James (Jim) Forrester,REP,41
275,69,NC STATE SENATE DISTRICT 42,1,2004,No,Austin Allran,REP,42
276,70,NC STATE SENATE DISTRICT 43,2,2004,Yes,David W. Hoyle,DEM,43
277,71,NC STATE SENATE DISTRICT 43,2,2004,Yes,Russell Fleming,REP,43
278,72,NC STATE SENATE DISTRICT 44,2,2004,Yes,Richard Cornwell Avery,DEM,44
279,73,NC STATE SENATE DISTRICT 44,2,2004,Yes,Jim Jacumin,REP,44
280,74,NC STATE SENATE DISTRICT 45,2,2004,Yes,Jim Cain,DEM,45
281,75,NC STATE SENATE DISTRICT 45,2,2004,Yes,John Garwood,REP,45
282,76,NC STATE SENATE DISTRICT 46,2,2004,Yes,Walter H. Dalton,DEM,46
283,77,NC STATE SENATE DISTRICT 46,2,2004,Yes,James (Jim) Testa,REP,46
284,78,NC STATE SENATE DISTRICT 47,2,2004,Yes,Joe Sam Queen,DEM,47
285,79,NC STATE SENATE DISTRICT 47,2,2004,Yes,Keith W. Presnell,REP,47
286,80,NC STATE SENATE DISTRICT 48,2,2004,Yes,Matthew C. Rogers,DEM,48
287,81,NC STATE SENATE DISTRICT 48,2,2004,Yes,Tom Apodaca,REP,48
288,82,NC STATE SENATE DISTRICT 49,2,2004,Yes,R.L. Clark,REP,49
289,83,NC STATE SENATE DISTRICT 49,2,2004,Yes,Martin L. Nesbitt,DEM,49
290,84,NC STATE SENATE DISTRICT 5,2,2004,Yes,Tony P. Moore,REP,5
291,85,NC STATE SENATE DISTRICT 5,2,2004,Yes,John Kerr,DEM,5
292,86,NC STATE SENATE DISTRICT 50,3,2004,Yes,Ben Lamm,LIB,50
293,87,NC STATE SENATE DISTRICT 50,3,2004,Yes,"John J. Snow, Jr.",DEM,50
294,88,NC STATE SENATE DISTRICT 50,3,2004,Yes,Robert C. (Bob) Carpenter,REP,50
295,89,NC STATE SENATE DISTRICT 6,3,2004,Yes,Mathew Tillman,LIB,6
296,90,NC STATE SENATE DISTRICT 6,3,2004,Yes,Harry Brown,REP,6
297,91,NC STATE SENATE DISTRICT 6,3,2004,Yes,"Cecil Hargett, Jr.",DEM,6
298,92,NC STATE SENATE DISTRICT 7,2,2004,Yes,Harold N. Frazier,REP,7
299,93,NC STATE SENATE DISTRICT 7,2,2004,Yes,Doug Berger,DEM,7
300,94,NC STATE SENATE DISTRICT 8,2,2004,Yes,Jack Swann,REP,8
301,95,NC STATE SENATE DISTRICT 8,2,2004,Yes,"R.C. Soles, Jr.",DEM,8
302,96,NC STATE SENATE DISTRICT 9,2,2004,Yes,Julia Boseman,DEM,9
303,97,NC STATE SENATE DISTRICT 9,2,2004,Yes,Woody White,REP,9
304,1,NC STATE SENATE DISTRICT 01,2,2006,Yes,Marc Basnight,DEM,1
305,2,NC STATE SENATE DISTRICT 01,2,2006,Yes,Ron Toppin,REP,1
306,3,NC STATE SENATE DISTRICT 02,2,2006,Yes,Jean Preston,REP,2
307,4,NC STATE SENATE DISTRICT 02,2,2006,Yes,C. W. (Pete) Bland,DEM,2
308,5,NC STATE SENATE DISTRICT 03,1,2006,No,Clark Jenkins,DEM,3
309,6,NC STATE SENATE DISTRICT 04,2,2006,Yes,Robert L. Holloman,DEM,4
310,7,NC STATE SENATE DISTRICT 04,2,2006,Yes,Kenneth R. (Ken) Chandler,REP,4
311,8,NC STATE SENATE DISTRICT 05,2,2006,Yes,Todd Siebels,REP,5
312,9,NC STATE SENATE DISTRICT 05,2,2006,Yes,John Kerr,DEM,5
313,10,NC STATE SENATE DISTRICT 06,2,2006,Yes,Carolyn Pittman-Dorsey,DEM,6
314,11,NC STATE SENATE DISTRICT 06,2,2006,Yes,Harry Brown,REP,6
315,12,NC STATE SENATE DISTRICT 07,2,2006,Yes,Doug Berger,DEM,7
316,13,NC STATE SENATE DISTRICT 07,2,2006,Yes,Chuck Stires,REP,7
317,14,NC STATE SENATE DISTRICT 08,2,2006,Yes,Bill Fairley,REP,8
318,15,NC STATE SENATE DISTRICT 08,2,2006,Yes,"R. C. Soles, Jr.",DEM,8
319,16,NC STATE SENATE DISTRICT 09,2,2006,Yes,Julia Boseman,DEM,9
320,17,NC STATE SENATE DISTRICT 09,2,2006,Yes,Al Roseman,REP,9
321,18,NC STATE SENATE DISTRICT 10,2,2006,Yes,Charles W. (Charlie) Albertson,DEM,10
322,19,NC STATE SENATE DISTRICT 10,2,2006,Yes,Adrain R. Arnett,REP,10
323,20,NC STATE SENATE DISTRICT 11,2,2006,Yes,A. B. Swindell,DEM,11
324,21,NC STATE SENATE DISTRICT 11,2,2006,Yes,Al Lytton,REP,11
325,22,NC STATE SENATE DISTRICT 12,2,2006,Yes,Fred Smith,REP,12
326,23,NC STATE SENATE DISTRICT 12,2,2006,Yes,Sherry M. Altman,DEM,12
327,24,NC STATE SENATE DISTRICT 13,1,2006,No,David F. Weinstein,DEM,13
328,25,NC STATE SENATE DISTRICT 14,2,2006,Yes,Vernon Malone,DEM,14
329,26,NC STATE SENATE DISTRICT 14,2,2006,Yes,Richard Doeffinger,REP,14
330,27,NC STATE SENATE DISTRICT 15,2,2006,Yes,Dorothy (Gerry) Bowles,DEM,15
331,28,NC STATE SENATE DISTRICT 15,2,2006,Yes,Neal Hunt,REP,15
332,29,NC STATE SENATE DISTRICT 16,1,2006,No,Janet Cowell,DEM,16
333,30,NC STATE SENATE DISTRICT 17,1,2006,No,Richard Stevens,REP,17
334,31,NC STATE SENATE DISTRICT 18,1,2006,No,Bob Atwater,DEM,18
335,32,NC STATE SENATE DISTRICT 19,1,2006,No,Tony Rand,DEM,19
336,33,NC STATE SENATE DISTRICT 20,1,2006,No,Jeanne H. Lucas,DEM,20
337,34,NC STATE SENATE DISTRICT 21,2,2006,Yes,Larry Shaw,DEM,21
338,35,NC STATE SENATE DISTRICT 21,2,2006,Yes,Juanita M. Gonzalez,REP,21
339,36,NC STATE SENATE DISTRICT 22,2,2006,Yes,Harris Blake,REP,22
340,37,NC STATE SENATE DISTRICT 22,2,2006,Yes,Abraham Oudeh,DEM,22
341,38,NC STATE SENATE DISTRICT 23,2,2006,Yes,Ellie Kinnaird,DEM,23
342,39,NC STATE SENATE DISTRICT 23,2,2006,Yes,E. B. Alston,REP,23
343,40,NC STATE SENATE DISTRICT 24,2,2006,Yes,Tony Foriest,DEM,24
344,41,NC STATE SENATE DISTRICT 24,2,2006,Yes,Hugh Webster,REP,24
345,42,NC STATE SENATE DISTRICT 25,2,2006,Yes,Douglas Bowen,REP,25
346,43,NC STATE SENATE DISTRICT 25,2,2006,Yes,Bill Purcell,DEM,25
347,44,NC STATE SENATE DISTRICT 26,2,2006,Yes,Rick Miller,DEM,26
348,45,NC STATE SENATE DISTRICT 26,2,2006,Yes,Philip E. (Phil) Berger,REP,26
349,46,NC STATE SENATE DISTRICT 27,1,2006,No,Kay Hagan,DEM,27
350,47,NC STATE SENATE DISTRICT 28,1,2006,No,Katie G. Dorsett,DEM,28
351,48,NC STATE SENATE DISTRICT 29,1,2006,No,Jerry W. Tillman,REP,29
352,49,NC STATE SENATE DISTRICT 30,1,2006,No,Don W. East,REP,30
353,50,NC STATE SENATE DISTRICT 31,1,2006,No,Peter Samuel (Pete) Brunstetter,REP,31
354,51,NC STATE SENATE DISTRICT 32,1,2006,No,Linda Garrou,DEM,32
355,52,NC STATE SENATE DISTRICT 33,1,2006,No,Stan Bingham,REP,33
356,53,NC STATE SENATE DISTRICT 34,2,2006,Yes,Andrew C. Brock,REP,34
357,54,NC STATE SENATE DISTRICT 34,2,2006,Yes,Larry Brown,DEM,34
358,55,NC STATE SENATE DISTRICT 35,1,2006,No,"W. Edward (Eddie) Goodall, Jr.",REP,35
359,56,NC STATE SENATE DISTRICT 36,2,2006,Yes,Mike Helms,DEM,36
360,57,NC STATE SENATE DISTRICT 36,2,2006,Yes,"Fletcher L. Hartsell, Jr.",REP,36
361,58,NC STATE SENATE DISTRICT 37,1,2006,No,Daniel G. Clodfelter,DEM,37
362,59,NC STATE SENATE DISTRICT 38,1,2006,No,Charlie Dannelly,DEM,38
363,60,NC STATE SENATE DISTRICT 39,1,2006,No,Robert Pittenger,REP,39
364,61,NC STATE SENATE DISTRICT 40,2,2006,Yes,Mr. Ed Mulheren,REP,40
365,62,NC STATE SENATE DISTRICT 40,2,2006,Yes,Malcolm Graham,DEM,40
366,63,NC STATE SENATE DISTRICT 41,1,2006,No,James (Jim) Forrester,REP,41
367,64,NC STATE SENATE DISTRICT 42,2,2006,Yes,Austin Allran,REP,42
368,65,NC STATE SENATE DISTRICT 42,2,2006,Yes,Lyndon Helton,DEM,42
369,66,NC STATE SENATE DISTRICT 43,1,2006,No,David W. Hoyle,DEM,43
370,67,NC STATE SENATE DISTRICT 44,1,2006,No,Jim Jacumin,REP,44
371,68,NC STATE SENATE DISTRICT 45,2,2006,Yes,Steve Goss,DEM,45
372,69,NC STATE SENATE DISTRICT 45,2,2006,Yes,David Blust,REP,45
373,70,NC STATE SENATE DISTRICT 46,2,2006,Yes,Wes Westmoreland,REP,46
374,71,NC STATE SENATE DISTRICT 46,2,2006,Yes,Walter H. Dalton,DEM,46
375,72,NC STATE SENATE DISTRICT 47,2,2006,Yes,Joe Sam Queen,DEM,47
376,73,NC STATE SENATE DISTRICT 47,2,2006,Yes,Keith Presnell,REP,47
377,74,NC STATE SENATE DISTRICT 48,1,2006,No,Tom Apodaca,REP,48
378,75,NC STATE SENATE DISTRICT 49,2,2006,Yes,R L Clark,REP,49
379,76,NC STATE SENATE DISTRICT 49,2,2006,Yes,Martin Nesbitt,DEM,49
380,77,NC STATE SENATE DISTRICT 50,2,2006,Yes,John Snow,DEM,50
381,78,NC STATE SENATE DISTRICT 50,2,2006,Yes,Ken McKim,REP,50
382,1,NC STATE SENATE DISTRICT 1,1,2008,No,Marc Basnight,DEM,1
383,2,NC STATE SENATE DISTRICT 10,1,2008,No,Charles W. (Charlie) Albertson,DEM,10
384,3,NC STATE SENATE DISTRICT 11,1,2008,No,A.B. Swindell,DEM,11
385,4,NC STATE SENATE DISTRICT 12,2,2008,Yes,David Rouzer,REP,12
386,5,NC STATE SENATE DISTRICT 12,2,2008,Yes,Kay Carroll,DEM,12
387,6,NC STATE SENATE DISTRICT 13,1,2008,No,David F. Weinstein,DEM,13
388,7,NC STATE SENATE DISTRICT 14,2,2008,Yes,Vernon Malone,DEM,14
389,8,NC STATE SENATE DISTRICT 14,2,2008,Yes,Carol Bennett,REP,14
390,9,NC STATE SENATE DISTRICT 15,3,2008,Yes,Neal Hunt,REP,15
391,10,NC STATE SENATE DISTRICT 15,3,2008,Yes,Chris Mintz,DEM,15
392,11,NC STATE SENATE DISTRICT 15,3,2008,Yes,Jan MacKay,LIB,15
393,12,NC STATE SENATE DISTRICT 16,2,2008,Yes,"John M. Alexander, Jr.",REP,16
394,13,NC STATE SENATE DISTRICT 16,2,2008,Yes,Josh Stein,DEM,16
395,14,NC STATE SENATE DISTRICT 17,2,2008,Yes,Richard Stevens,REP,17
396,15,NC STATE SENATE DISTRICT 17,2,2008,Yes,Brian Irving,LIB,17
397,16,NC STATE SENATE DISTRICT 18,2,2008,Yes,Bob Atwater,DEM,18
398,17,NC STATE SENATE DISTRICT 18,2,2008,Yes,Roger Gerber,REP,18
399,18,NC STATE SENATE DISTRICT 19,1,2008,No,Tony Rand,DEM,19
400,19,NC STATE SENATE DISTRICT 2,2,2008,Yes,Jean R. Preston,REP,2
401,20,NC STATE SENATE DISTRICT 2,2,2008,Yes,Greg D. Muse,DEM,2
402,21,NC STATE SENATE DISTRICT 20,3,2008,Yes,David C. Rollins,LIB,20
403,22,NC STATE SENATE DISTRICT 20,3,2008,Yes,"Floyd B. McKissick, Jr.",DEM,20
404,23,NC STATE SENATE DISTRICT 20,3,2008,Yes,Kenneth R. (Ken) Chandler,REP,20
405,24,NC STATE SENATE DISTRICT 21,1,2008,No,Larry Shaw,DEM,21
406,25,NC STATE SENATE DISTRICT 22,2,2008,Yes,Harris Blake,REP,22
407,26,NC STATE SENATE DISTRICT 22,2,2008,Yes,Abraham Oudeh,DEM,22
408,27,NC STATE SENATE DISTRICT 23,2,2008,Yes,Ellie Kinnaird,DEM,23
409,28,NC STATE SENATE DISTRICT 23,2,2008,Yes,Jon G. (Greg) Bass,REP,23
410,29,NC STATE SENATE DISTRICT 24,2,2008,Yes,"Richard W. (Rick) Gunn, Jr.",REP,24
411,30,NC STATE SENATE DISTRICT 24,2,2008,Yes,Anthony (Tony) Foriest,DEM,24
412,31,NC STATE SENATE DISTRICT 25,2,2008,Yes,Janice B. Abernathy,REP,25
413,32,NC STATE SENATE DISTRICT 25,2,2008,Yes,Bill Purcell,DEM,25
414,33,NC STATE SENATE DISTRICT 26,1,2008,No,Philip E. (Phil) Berger,REP,26
415,34,NC STATE SENATE DISTRICT 27,2,2008,Yes,Joe Wilson,REP,27
416,35,NC STATE SENATE DISTRICT 27,2,2008,Yes,Donald R. (Don) Vaughan,DEM,27
417,36,NC STATE SENATE DISTRICT 28,1,2008,No,Katie G. Dorsett,DEM,28
418,37,NC STATE SENATE DISTRICT 29,3,2008,Yes,WRITE-IN,,29
419,38,NC STATE SENATE DISTRICT 29,3,2008,Yes,Ronald (Ron) Franklin,DEM,29
420,39,NC STATE SENATE DISTRICT 29,3,2008,Yes,Jerry W. Tillman,REP,29
421,40,NC STATE SENATE DISTRICT 3,1,2008,No,Clark Jenkins,DEM,3
422,41,NC STATE SENATE DISTRICT 30,1,2008,No,Don W. East,REP,30
423,42,NC STATE SENATE DISTRICT 31,1,2008,No,Peter Samuel (Pete) Brunstetter,REP,31
424,43,NC STATE SENATE DISTRICT 32,1,2008,No,Linda Garrou,DEM,32
425,44,NC STATE SENATE DISTRICT 33,1,2008,No,Stan Bingham,REP,33
426,45,NC STATE SENATE DISTRICT 34,2,2008,Yes,Andrew C. Brock,REP,34
427,46,NC STATE SENATE DISTRICT 34,2,2008,Yes,William A. Burnette,DEM,34
428,47,NC STATE SENATE DISTRICT 35,1,2008,No,"W. Edward (Eddie) Goodall, Jr.",REP,35
429,48,NC STATE SENATE DISTRICT 36,2,2008,Yes,Charles Paxton,DEM,36
430,49,NC STATE SENATE DISTRICT 36,2,2008,Yes,"Fletcher L. Hartsell, Jr.",REP,36
431,50,NC STATE SENATE DISTRICT 37,3,2008,Yes,Rusty Sheridan,LIB,37
432,51,NC STATE SENATE DISTRICT 37,3,2008,Yes,Daniel G. Clodfelter,DEM,37
433,52,NC STATE SENATE DISTRICT 37,3,2008,Yes,Vince Coscia,REP,37
434,53,NC STATE SENATE DISTRICT 38,3,2008,Yes,C. Travis Wheat,LIB,38
435,54,NC STATE SENATE DISTRICT 38,3,2008,Yes,Charlie Dannelly,DEM,38
436,55,NC STATE SENATE DISTRICT 38,3,2008,Yes,James R. Soder,REP,38
437,56,NC STATE SENATE DISTRICT 39,1,2008,No,Robert (Bob) Rucho,REP,39
438,57,NC STATE SENATE DISTRICT 4,1,2008,No,Edward (Ed) Jones,DEM,4
439,58,NC STATE SENATE DISTRICT 40,2,2008,Yes,Malcolm Graham,DEM,40
440,59,NC STATE SENATE DISTRICT 40,2,2008,Yes,Mr. Ed Mulheren,REP,40
441,60,NC STATE SENATE DISTRICT 41,1,2008,No,James (Jim) Forrester,REP,41
442,61,NC STATE SENATE DISTRICT 42,1,2008,No,Austin Allran,REP,42
443,62,NC STATE SENATE DISTRICT 43,2,2008,Yes,Kathy Harrington,REP,43
444,63,NC STATE SENATE DISTRICT 43,2,2008,Yes,David Hoyle,DEM,43
445,64,NC STATE SENATE DISTRICT 44,3,2008,Yes,Jim Jacumin,REP,44
446,65,NC STATE SENATE DISTRICT 44,3,2008,Yes,Richard C. Evey,LIB,44
447,66,NC STATE SENATE DISTRICT 44,3,2008,Yes,Jim Cates,DEM,44
448,67,NC STATE SENATE DISTRICT 45,2,2008,Yes,Steve Goss,DEM,45
449,68,NC STATE SENATE DISTRICT 45,2,2008,Yes,Jerry Butler,REP,45
450,69,NC STATE SENATE DISTRICT 46,2,2008,Yes,Keith H. Melton,DEM,46
451,70,NC STATE SENATE DISTRICT 46,2,2008,Yes,Debbie Ann Clary,REP,46
452,71,NC STATE SENATE DISTRICT 47,2,2008,Yes,Keith W. Presnell,REP,47
453,72,NC STATE SENATE DISTRICT 47,2,2008,Yes,Joe Sam Queen,DEM,47
454,73,NC STATE SENATE DISTRICT 48,1,2008,No,Tom Apodaca,REP,48
455,74,NC STATE SENATE DISTRICT 49,2,2008,Yes,Martin Nesbitt,DEM,49
456,75,NC STATE SENATE DISTRICT 49,2,2008,Yes,R L Clark,REP,49
457,76,NC STATE SENATE DISTRICT 5,2,2008,Yes,Don Davis,DEM,5
458,77,NC STATE SENATE DISTRICT 5,2,2008,Yes,"Louis M. Pate, Jr.",REP,5
459,78,NC STATE SENATE DISTRICT 50,2,2008,Yes,"John J. Snow, Jr.",DEM,50
460,79,NC STATE SENATE DISTRICT 50,2,2008,Yes,Susan C. Pons,REP,50
461,80,NC STATE SENATE DISTRICT 6,1,2008,No,Harry Brown,REP,6
462,81,NC STATE SENATE DISTRICT 7,3,2008,Yes,Chuck Stires,REP,7
463,82,NC STATE SENATE DISTRICT 7,3,2008,Yes,Kira Howe,LIB,7
464,83,NC STATE SENATE DISTRICT 7,3,2008,Yes,Doug Berger,DEM,7
465,84,NC STATE SENATE DISTRICT 8,3,2008,Yes,Rachel Joiner Merrill,LIB,8
466,85,NC STATE SENATE DISTRICT 8,3,2008,Yes,"R.C. Soles, Jr.",DEM,8
467,86,NC STATE SENATE DISTRICT 8,3,2008,Yes,Bettie Fennell,REP,8
468,87,NC STATE SENATE DISTRICT 9,2,2008,Yes,Michael Lee,REP,9
469,88,NC STATE SENATE DISTRICT 9,2,2008,Yes,Julia Boseman,DEM,9
470,1,NC STATE SENATE DISTRICT 1,2,2010,Yes,Hood Richardson,REP,1
471,2,NC STATE SENATE DISTRICT 1,2,2010,Yes,Marc Basnight,DEM,1
472,3,NC STATE SENATE DISTRICT 10,2,2010,Yes,Dewey Hudson,DEM,10
473,4,NC STATE SENATE DISTRICT 10,2,2010,Yes,Brent Jackson,REP,10
474,5,NC STATE SENATE DISTRICT 11,2,2010,Yes,E.S. (Buck) Newton,REP,11
475,6,NC STATE SENATE DISTRICT 11,2,2010,Yes,A. B. Swindell,DEM,11
476,7,NC STATE SENATE DISTRICT 12,2,2010,Yes,Jody McLeod,DEM,12
477,8,NC STATE SENATE DISTRICT 12,2,2010,Yes,David Rouzer,REP,12
478,9,NC STATE SENATE DISTRICT 13,1,2010,No,Michael Walters,DEM,13
479,10,NC STATE SENATE DISTRICT 14,2,2010,Yes,Geoffrey M. Hurlburt,REP,14
480,11,NC STATE SENATE DISTRICT 14,2,2010,Yes,Dan Blue,DEM,14
481,12,NC STATE SENATE DISTRICT 15,2,2010,Yes,Charles Malone,DEM,15
482,13,NC STATE SENATE DISTRICT 15,2,2010,Yes,Neal Hunt,REP,15
483,14,NC STATE SENATE DISTRICT 16,3,2010,Yes,Michael Beezley,REP,16
484,15,NC STATE SENATE DISTRICT 16,3,2010,Yes,Josh Stein,DEM,16
485,16,NC STATE SENATE DISTRICT 16,3,2010,Yes,Stephanie E. Watson,LIB,16
486,17,NC STATE SENATE DISTRICT 17,2,2010,Yes,David Donovan,DEM,17
487,18,NC STATE SENATE DISTRICT 17,2,2010,Yes,Richard Stevens,REP,17
488,19,NC STATE SENATE DISTRICT 18,2,2010,Yes,Roger Gerber,REP,18
489,20,NC STATE SENATE DISTRICT 18,2,2010,Yes,Bob Atwater,DEM,18
490,21,NC STATE SENATE DISTRICT 19,2,2010,Yes,Wesley Meredith,REP,19
491,22,NC STATE SENATE DISTRICT 19,2,2010,Yes,Margaret Highsmith Dickson,DEM,19
492,23,NC STATE SENATE DISTRICT 2,2,2010,Yes,Jean R. Preston,REP,2
493,24,NC STATE SENATE DISTRICT 2,2,2010,Yes,Barbara Garrity-Blake,DEM,2
494,25,NC STATE SENATE DISTRICT 20,2,2010,Yes,John Tarantino,REP,20
495,26,NC STATE SENATE DISTRICT 20,2,2010,Yes,"Floyd B. McKissick, Jr.",DEM,20
496,27,NC STATE SENATE DISTRICT 21,2,2010,Yes,Wade Fowler,REP,21
497,28,NC STATE SENATE DISTRICT 21,2,2010,Yes,Eric L. Mansfield,DEM,21
498,29,NC STATE SENATE DISTRICT 22,1,2010,No,Harris D. Blake,REP,22
499,30,NC STATE SENATE DISTRICT 23,2,2010,Yes,Ryan A. Hilliard,REP,23
500,31,NC STATE SENATE DISTRICT 23,2,2010,Yes,Ellie Kinnaird,DEM,23
501,32,NC STATE SENATE DISTRICT 24,3,2010,Yes,Tony Foriest,DEM,24
502,33,NC STATE SENATE DISTRICT 24,3,2010,Yes,Barry Coe,LIB,24
503,34,NC STATE SENATE DISTRICT 24,3,2010,Yes,Rick Gunn,REP,24
504,35,NC STATE SENATE DISTRICT 25,2,2010,Yes,Bill Purcell,DEM,25
505,36,NC STATE SENATE DISTRICT 25,2,2010,Yes,P. Jason Phibbs,REP,25
506,37,NC STATE SENATE DISTRICT 26,1,2010,No,Philip E. (Phil) Berger,REP,26
507,38,NC STATE SENATE DISTRICT 27,2,2010,Yes,Donald R. (Don) Vaughan,DEM,27
508,39,NC STATE SENATE DISTRICT 27,2,2010,Yes,Jeffery T. (Jeff) Hyde,REP,27
509,40,NC STATE SENATE DISTRICT 28,3,2010,Yes,Gladys A. Robinson,DEM,28
510,41,NC STATE SENATE DISTRICT 28,3,2010,Yes,Bruce Davis,UNA,28
511,42,NC STATE SENATE DISTRICT 28,3,2010,Yes,Trudy Wade,REP,28
512,43,NC STATE SENATE DISTRICT 29,1,2010,No,Jerry W. Tillman,REP,29
513,44,NC STATE SENATE DISTRICT 3,2,2010,Yes,Clark Jenkins,DEM,3
514,45,NC STATE SENATE DISTRICT 3,2,2010,Yes,C. B. Daughtridge,REP,3
515,46,NC STATE SENATE DISTRICT 30,2,2010,Yes,Ric Marshall,DEM,30
516,47,NC STATE SENATE DISTRICT 30,2,2010,Yes,Don W. East,REP,30
517,48,NC STATE SENATE DISTRICT 31,1,2010,No,Peter Samuel (Pete) Brunstetter,REP,31
518,49,NC STATE SENATE DISTRICT 32,2,2010,Yes,Nathan Jones,REP,32
519,50,NC STATE SENATE DISTRICT 32,2,2010,Yes,Linda Garrou,DEM,32
520,51,NC STATE SENATE DISTRICT 33,1,2010,No,Stan Bingham,REP,33
521,52,NC STATE SENATE DISTRICT 34,1,2010,No,Andrew C. Brock,REP,34
522,53,NC STATE SENATE DISTRICT 35,2,2010,Yes,Tommy Tucker,REP,35
523,54,NC STATE SENATE DISTRICT 35,2,2010,Yes,Ed McGuire,DEM,35
524,55,NC STATE SENATE DISTRICT 36,2,2010,Yes,Mike Helms,DEM,36
525,56,NC STATE SENATE DISTRICT 36,2,2010,Yes,"Fletcher L. Hartsell, Jr.",REP,36
526,57,NC STATE SENATE DISTRICT 37,2,2010,Yes,Daniel (Dan) Clodfelter,DEM,37
527,58,NC STATE SENATE DISTRICT 37,2,2010,Yes,C. Morgan Edwards,REP,37
528,59,NC STATE SENATE DISTRICT 38,2,2010,Yes,Cedric Scott,REP,38
529,60,NC STATE SENATE DISTRICT 38,2,2010,Yes,Charlie Dannelly,DEM,38
530,61,NC STATE SENATE DISTRICT 39,1,2010,No,Robert (Bob) Rucho,REP,39
531,62,NC STATE SENATE DISTRICT 4,2,2010,Yes,Rich Halbert,REP,4
532,63,NC STATE SENATE DISTRICT 4,2,2010,Yes,Edward (Ed) Jones,DEM,4
533,64,NC STATE SENATE DISTRICT 40,2,2010,Yes,John Aneralla,REP,40
534,65,NC STATE SENATE DISTRICT 40,2,2010,Yes,Malcolm Graham,DEM,40
535,66,NC STATE SENATE DISTRICT 41,1,2010,No,James (Jim) Forrester,REP,41
536,67,NC STATE SENATE DISTRICT 42,1,2010,No,Austin Allran,REP,42
537,68,NC STATE SENATE DISTRICT 43,2,2010,Yes,Kathy Harrington,REP,43
538,69,NC STATE SENATE DISTRICT 43,2,2010,Yes,Jim Long,DEM,43
539,70,NC STATE SENATE DISTRICT 44,3,2010,Yes,Warren T. Daniel,REP,44
540,71,NC STATE SENATE DISTRICT 44,3,2010,Yes,Beth Jones,DEM,44
541,72,NC STATE SENATE DISTRICT 44,3,2010,Yes,Richard C. Evey,LIB,44
542,73,NC STATE SENATE DISTRICT 45,2,2010,Yes,Dan Soucek,REP,45
543,74,NC STATE SENATE DISTRICT 45,2,2010,Yes,Steve Goss,DEM,45
544,75,NC STATE SENATE DISTRICT 46,1,2010,No,Debbie Ann Clary,REP,46
545,76,NC STATE SENATE DISTRICT 47,2,2010,Yes,"Ralph E. Hise, Jr.",REP,47
546,77,NC STATE SENATE DISTRICT 47,2,2010,Yes,Joe Sam Queen,DEM,47
547,78,NC STATE SENATE DISTRICT 48,2,2010,Yes,Tom Apodaca,REP,48
548,79,NC STATE SENATE DISTRICT 48,2,2010,Yes,Chris Dixon,DEM,48
549,80,NC STATE SENATE DISTRICT 49,2,2010,Yes,Martin L. Nesbitt,DEM,49
550,81,NC STATE SENATE DISTRICT 49,2,2010,Yes,R L Clark,REP,49
551,82,NC STATE SENATE DISTRICT 5,2,2010,Yes,"Louis M. Pate, Jr.",REP,5
552,83,NC STATE SENATE DISTRICT 5,2,2010,Yes,Don Davis,DEM,5
553,84,NC STATE SENATE DISTRICT 50,2,2010,Yes,Jim Davis,REP,50
554,85,NC STATE SENATE DISTRICT 50,2,2010,Yes,"John J. Snow, Jr.",DEM,50
555,86,NC STATE SENATE DISTRICT 6,1,2010,No,Harry Brown,REP,6
556,87,NC STATE SENATE DISTRICT 7,2,2010,Yes,Doug Berger,DEM,7
557,88,NC STATE SENATE DISTRICT 7,2,2010,Yes,Michael Schriver,REP,7
558,89,NC STATE SENATE DISTRICT 8,2,2010,Yes,Bill Rabon,REP,8
559,90,NC STATE SENATE DISTRICT 8,2,2010,Yes,David Redwine,DEM,8
560,91,NC STATE SENATE DISTRICT 9,2,2010,Yes,Thom Goolsby,REP,9
561,92,NC STATE SENATE DISTRICT 9,2,2010,Yes,Jim Leutze,DEM,9
562,1,NC STATE SENATE DISTRICT 1,2,2012,Yes,Stan M. White,DEM,1
563,2,NC STATE SENATE DISTRICT 1,2,2012,Yes,Bill Cook,REP,1
564,3,NC STATE SENATE DISTRICT 10,1,2012,No,Brent Jackson,REP,10
565,4,NC STATE SENATE DISTRICT 11,2,2012,Yes,Clarence A. Bender,DEM,11
566,5,NC STATE SENATE DISTRICT 11,2,2012,Yes,Buck Newton,REP,11
567,6,NC STATE SENATE DISTRICT 12,2,2012,Yes,Ronald Rabin,REP,12
568,7,NC STATE SENATE DISTRICT 12,2,2012,Yes,Brad Salmon,DEM,12
569,8,NC STATE SENATE DISTRICT 13,2,2012,Yes,Michael Walters,DEM,13
570,9,NC STATE SENATE DISTRICT 13,2,2012,Yes,"W. Bernard White, Jr.",REP,13
571,10,NC STATE SENATE DISTRICT 14,1,2012,No,Dan Blue,DEM,14
572,11,NC STATE SENATE DISTRICT 15,2,2012,Yes,Neal Hunt,REP,15
573,12,NC STATE SENATE DISTRICT 15,2,2012,Yes,Sig Hutchinson,DEM,15
574,13,NC STATE SENATE DISTRICT 16,1,2012,No,Josh Stein,DEM,16
575,14,NC STATE SENATE DISTRICT 17,2,2012,Yes,Tamara Barringer,REP,17
576,15,NC STATE SENATE DISTRICT 17,2,2012,Yes,Erv Portman,DEM,17
577,16,NC STATE SENATE DISTRICT 18,2,2012,Yes,Chad Barefoot,REP,18
578,17,NC STATE SENATE DISTRICT 18,2,2012,Yes,Doug Berger,DEM,18
579,18,NC STATE SENATE DISTRICT 19,2,2012,Yes,Wesley Meredith,REP,19
580,19,NC STATE SENATE DISTRICT 19,2,2012,Yes,George Tatum,DEM,19
581,20,NC STATE SENATE DISTRICT 2,2,2012,Yes,Greg Muse,DEM,2
582,21,NC STATE SENATE DISTRICT 2,2,2012,Yes,Norman Sanderson,REP,2
583,22,NC STATE SENATE DISTRICT 20,1,2012,No,"Floyd B. McKissick, Jr.",DEM,20
584,23,NC STATE SENATE DISTRICT 21,1,2012,No,Robert B. Clark III,DEM,21
585,24,NC STATE SENATE DISTRICT 22,2,2012,Yes,Milton Holmes,REP,22
586,25,NC STATE SENATE DISTRICT 22,2,2012,Yes,Mike Woodard,DEM,22
587,26,NC STATE SENATE DISTRICT 23,2,2012,Yes,Ellie Kinnaird,DEM,23
588,27,NC STATE SENATE DISTRICT 23,2,2012,Yes,Dave Carter,REP,23
589,28,NC STATE SENATE DISTRICT 24,2,2012,Yes,Brandon Black,LIB,24
590,29,NC STATE SENATE DISTRICT 24,2,2012,Yes,Rick Gunn,REP,24
591,30,NC STATE SENATE DISTRICT 25,2,2012,Yes,Gene McIntyre,REP,25
592,31,NC STATE SENATE DISTRICT 25,2,2012,Yes,Gene McLaurin,DEM,25
593,32,NC STATE SENATE DISTRICT 26,2,2012,Yes,Philip E. (Phil) Berger,REP,26
594,33,NC STATE SENATE DISTRICT 26,2,2012,Yes,Bobby R. Stanley,DEM,26
595,34,NC STATE SENATE DISTRICT 27,2,2012,Yes,Trudy Wade,REP,27
596,35,NC STATE SENATE DISTRICT 27,2,2012,Yes,Myra Slone,DEM,27
597,36,NC STATE SENATE DISTRICT 28,1,2012,No,Gladys A. Robinson,DEM,28
598,37,NC STATE SENATE DISTRICT 29,1,2012,No,Jerry W. Tillman,REP,29
599,38,NC STATE SENATE DISTRICT 3,1,2012,No,Clark Jenkins,DEM,3
600,39,NC STATE SENATE DISTRICT 30,2,2012,Yes,Ric Marshall,DEM,30
601,40,NC STATE SENATE DISTRICT 30,2,2012,Yes,Shirley Randleman (replacement for Don W. East),REP,30
602,41,NC STATE SENATE DISTRICT 31,2,2012,Yes,Peter Samuel (Pete) Brunstetter,REP,31
603,42,NC STATE SENATE DISTRICT 31,2,2012,Yes,Delmas Parker,DEM,31
604,43,NC STATE SENATE DISTRICT 32,2,2012,Yes,Reginald Reid,REP,32
605,44,NC STATE SENATE DISTRICT 32,2,2012,Yes,Earline W. Parmon,DEM,32
606,45,NC STATE SENATE DISTRICT 33,1,2012,No,Stan Bingham,REP,33
607,46,NC STATE SENATE DISTRICT 34,1,2012,No,Andrew C. Brock,REP,34
608,47,NC STATE SENATE DISTRICT 35,1,2012,No,Tommy Tucker,REP,35
609,48,NC STATE SENATE DISTRICT 36,1,2012,No,"Fletcher L. Hartsell, Jr.",REP,36
610,49,NC STATE SENATE DISTRICT 37,2,2012,Yes,Michael Alan Vadini,REP,37
611,50,NC STATE SENATE DISTRICT 37,2,2012,Yes,Daniel (Dan) Clodfelter,DEM,37
612,51,NC STATE SENATE DISTRICT 38,2,2012,Yes,Joel Ford,DEM,38
613,52,NC STATE SENATE DISTRICT 38,2,2012,Yes,Richard Rivette,REP,38
614,53,NC STATE SENATE DISTRICT 39,2,2012,Yes,Jack Flynn,DEM,39
615,54,NC STATE SENATE DISTRICT 39,2,2012,Yes,Robert (Bob) Rucho,REP,39
616,55,NC STATE SENATE DISTRICT 4,2,2012,Yes,Ed Jones,DEM,4
617,56,NC STATE SENATE DISTRICT 4,2,2012,Yes,Warren Scott Nail,REP,4
618,57,NC STATE SENATE DISTRICT 40,2,2012,Yes,Earl Lyndon Philip,REP,40
619,58,NC STATE SENATE DISTRICT 40,2,2012,Yes,Malcolm Graham,DEM,40
620,59,NC STATE SENATE DISTRICT 41,1,2012,No,Jeff Tarte,REP,41
621,60,NC STATE SENATE DISTRICT 42,2,2012,Yes,Austin Allran,REP,42
622,61,NC STATE SENATE DISTRICT 42,2,2012,Yes,Joseph (Jody) Inglefield,DEM,42
623,62,NC STATE SENATE DISTRICT 43,1,2012,No,Kathy Harrington,REP,43
624,63,NC STATE SENATE DISTRICT 44,2,2012,Yes,David Curtis,REP,44
625,64,NC STATE SENATE DISTRICT 44,2,2012,Yes,Ross Bulla,DEM,44
626,65,NC STATE SENATE DISTRICT 45,2,2012,Yes,Dan Soucek,REP,45
627,66,NC STATE SENATE DISTRICT 45,2,2012,Yes,Roy J. Carter,DEM,45
628,67,NC STATE SENATE DISTRICT 46,3,2012,Yes,Richard C. Evey,LIB,46
629,68,NC STATE SENATE DISTRICT 46,3,2012,Yes,Warren Daniel,REP,46
630,69,NC STATE SENATE DISTRICT 46,3,2012,Yes,John T. McDevitt,DEM,46
631,70,NC STATE SENATE DISTRICT 47,2,2012,Yes,Phil Feagan,DEM,47
632,71,NC STATE SENATE DISTRICT 47,2,2012,Yes,Ralph Hise,REP,47
633,72,NC STATE SENATE DISTRICT 48,1,2012,No,Tom Apodaca,REP,48
634,73,NC STATE SENATE DISTRICT 49,2,2012,Yes,RL Clark,REP,49
635,74,NC STATE SENATE DISTRICT 49,2,2012,Yes,Martin L. Nesbitt,DEM,49
636,75,NC STATE SENATE DISTRICT 5,1,2012,No,Don Davis,DEM,5
637,76,NC STATE SENATE DISTRICT 50,2,2012,Yes,Jim Davis,REP,50
638,77,NC STATE SENATE DISTRICT 50,2,2012,Yes,John Snow,DEM,50
639,78,NC STATE SENATE DISTRICT 6,1,2012,No,Harry Brown,REP,6
640,79,NC STATE SENATE DISTRICT 7,1,2012,No,"Louis M. Pate, Jr.",REP,7
641,80,NC STATE SENATE DISTRICT 8,2,2012,Yes,Danny Hefner,DEM,8
642,81,NC STATE SENATE DISTRICT 8,2,2012,Yes,Bill Rabon,REP,8
643,82,NC STATE SENATE DISTRICT 9,2,2012,Yes,Deb Butler,DEM,9
644,83,NC STATE SENATE DISTRICT 9,2,2012,Yes,Thom Goolsby,REP,9